,Single,PA,Age,Hand,BMI,Tm,teamaverage,cBMI,Ratio,Perf,RpG
1,120,726,29,0,28.24324,CIN,61.35714286,OverWeight,0.165289256,Avg,4.31
2,140,724,29,2,25.08542,BOS,69.5,OverWeight,0.193370166,High,5.27
3,126,717,27,0,26.87022,STL,81,OverWeight,0.175732218,High,4.83
4,115,716,21,2,29.52703,LAA,58.22222222,OverWeight,0.160614525,Avg,4.52
5,105,712,30,0,28.58857,CIN,61.35714286,OverWeight,0.14747191,Avg,4.31
6,113,712,29,0,38.35053,DET,82.07692308,Obese,0.158707865,Avg,4.91
7,107,710,25,2,30.61956,ARI,66.21428571,Obese,0.150704225,Avg,4.23
8,121,710,20,2,23.10811,BAL,63.64285714,Normal,0.170422535,High,4.6
9,117,705,23,2,25.76582,CHC,49.625,OverWeight,0.165957447,Avg,3.72
10,115,700,29,0,29.02233,KCR,71.5,OverWeight,0.164285714,Avg,4
11,138,700,29,0,25.06474,BAL,63.64285714,OverWeight,0.197142857,High,4.6
12,143,698,24,2,27.12191,TEX,68.14285714,OverWeight,0.20487106,High,4.48
13,117,698,32,1,26.24533,TBR,64.21428571,OverWeight,0.167621777,Avg,4.29
14,90,697,26,0,26.87022,CIN,61.35714286,OverWeight,0.129124821,Poor,4.31
15,133,697,28,0,28.36273,NYM,45,OverWeight,0.190817791,High,3.82
16,104,695,25,0,28.47801,SEA,47.61111111,OverWeight,0.149640288,Avg,3.85
17,91,693,27,2,26.95946,TBR,64.21428571,OverWeight,0.131313131,Avg,4.29
18,137,690,34,2,30.68042,TEX,68.14285714,Obese,0.198550725,High,4.48
19,76,690,23,0,29.99467,CHC,49.625,OverWeight,0.110144928,Poor,3.72
20,117,689,27,2,28.12,BAL,63.64285714,OverWeight,0.169811321,Avg,4.6
21,111,687,30,2,26.77632,SFG,60.125,OverWeight,0.161572052,Avg,3.88
22,122,681,30,0,28.47801,NYY,52,OverWeight,0.179148311,High,4.01
23,134,680,23,0,27.38487,KCR,71.5,OverWeight,0.197058824,High,4
24,79,678,27,2,28.60197,LAA,58.22222222,OverWeight,0.116519174,Poor,4.52
25,112,675,29,0,26.44387,CHW,69.14285714,OverWeight,0.165925926,Avg,3.69
26,140,674,31,0,26.57845,MIL,54.35294118,OverWeight,0.207715134,High,3.95
27,121,674,26,2,27.25918,PIT,54.85714286,OverWeight,0.179525223,High,3.91
28,134,674,31,2,23.10811,CHW,69.14285714,Normal,0.198813056,High,3.69
29,71,673,27,0,28.74489,BAL,63.64285714,OverWeight,0.105497771,Poor,4.6
30,139,672,23,2,28.24265,HOU,47.10526316,OverWeight,0.206845238,High,3.77
31,126,668,27,2,31.66072,KCR,71.5,Obese,0.188622754,High,4
32,110,668,27,2,29.8341,OAK,56.2,OverWeight,0.164670659,Avg,4.73
33,132,668,34,1,26.95946,DET,82.07692308,OverWeight,0.19760479,High,4.91
34,114,666,32,2,27.12191,CIN,61.35714286,OverWeight,0.171171171,High,4.31
35,107,666,34,1,27.36592,PHI,55.375,OverWeight,0.160660661,Avg,3.77
36,120,664,29,2,25.06474,ARI,66.21428571,OverWeight,0.180722892,High,4.23
37,104,663,26,0,27.89129,ARI,66.21428571,OverWeight,0.156862745,Avg,4.23
38,113,662,29,1,25.76582,OAK,56.2,OverWeight,0.170694864,High,4.73
39,116,662,32,2,24.89965,CHW,69.14285714,Normal,0.175226586,High,3.69
40,127,662,29,0,28.47801,WSN,62.92857143,OverWeight,0.1918429,High,4.05
41,103,658,26,0,26.49673,CLE,69.69230769,OverWeight,0.156534954,Avg,4.6
42,100,658,23,2,25.03378,ATL,61.30769231,OverWeight,0.151975684,Avg,4.25
43,110,657,30,1,29.02233,SEA,47.61111111,OverWeight,0.167427702,Avg,3.85
44,107,655,27,2,26.87022,WSN,62.92857143,OverWeight,0.163358779,Avg,4.05
45,122,652,30,2,29.21053,DET,82.07692308,OverWeight,0.187116564,High,4.91
46,125,652,37,2,28.88514,DET,82.07692308,OverWeight,0.191717791,High,4.91
47,106,644,30,2,25.06474,BAL,63.64285714,OverWeight,0.164596273,Avg,4.6
48,91,643,25,2,26.31757,ATL,61.30769231,OverWeight,0.141524106,Avg,4.25
49,114,642,26,2,24.40514,KCR,71.5,Normal,0.177570093,High,4
50,85,642,27,1,29.28586,CLE,69.69230769,OverWeight,0.132398754,Avg,4.6
51,117,641,31,0,28.88514,LAD,59.0625,OverWeight,0.182527301,High,4.01
52,124,636,29,0,25.72434,BOS,69.5,OverWeight,0.194968553,High,5.27
53,86,636,32,0,29.21053,LAA,58.22222222,OverWeight,0.135220126,Avg,4.52
54,95,635,32,0,26.77632,MIN,54.5,OverWeight,0.149606299,Avg,3.79
55,84,634,32,1,27.12191,CLE,69.69230769,OverWeight,0.132492114,Avg,4.6
56,102,633,28,2,27.49511,WSN,62.92857143,OverWeight,0.161137441,Avg,4.05
57,124,629,23,0,26.67819,ATL,61.30769231,OverWeight,0.197138315,High,4.25
58,115,628,28,0,27.19401,STL,81,OverWeight,0.183121019,High,4.83
59,81,626,37,2,25.72434,CHC,49.625,OverWeight,0.129392971,Poor,3.72
60,81,623,26,2,26.49673,MIN,54.5,OverWeight,0.130016051,Avg,3.79
61,131,623,23,2,29.41122,MIL,54.35294118,OverWeight,0.210272873,High,3.95
62,78,621,30,2,30.34153,TOR,52.5,Obese,0.125603865,Poor,4.4
63,99,618,27,2,26.44387,CIN,61.35714286,OverWeight,0.160194175,Avg,4.31
64,70,614,26,0,29.36978,PIT,54.85714286,OverWeight,0.114006515,Poor,3.91
65,101,614,26,2,24.40514,DET,82.07692308,Normal,0.164495114,Avg,4.91
66,105,614,31,2,27.12191,TEX,68.14285714,OverWeight,0.171009772,High,4.48
67,119,611,26,0,25.67568,CLE,69.69230769,OverWeight,0.194762684,High,4.6
68,96,609,29,0,26.54184,NYY,52,OverWeight,0.157635468,Avg,4.01
69,66,607,33,0,32.93146,CHW,69.14285714,Obese,0.108731466,Poor,3.69
70,102,602,33,2,30.42763,STL,81,Obese,0.169435216,Avg,4.83
71,82,602,26,2,25.67568,TBR,64.21428571,OverWeight,0.136212625,Avg,4.29
72,107,600,36,1,27.70313,STL,81,OverWeight,0.178333333,High,4.83
73,73,600,27,2,27.49511,CIN,61.35714286,OverWeight,0.121666667,Poor,4.31
74,80,600,29,1,28.24324,SDP,55.06666667,OverWeight,0.133333333,Avg,3.81
75,90,600,37,0,27.99342,BOS,69.5,OverWeight,0.15,Avg,5.27
76,118,598,29,0,29.36978,TBR,64.21428571,OverWeight,0.197324415,High,4.29
77,98,598,28,1,27.97653,NYM,45,OverWeight,0.163879599,Avg,3.82
78,103,595,26,2,28.36273,SFG,60.125,OverWeight,0.173109244,High,3.88
79,90,593,31,0,27.25918,BAL,63.64285714,OverWeight,0.151770658,Avg,4.6
80,91,590,27,2,27.49511,MIL,54.35294118,OverWeight,0.154237288,Avg,3.95
81,79,590,33,0,25.62044,WSN,62.92857143,OverWeight,0.133898305,Avg,4.05
82,105,589,29,1,25.82449,LAA,58.22222222,OverWeight,0.178268251,High,4.52
83,85,589,23,2,28.36273,HOU,47.10526316,OverWeight,0.144312394,Avg,3.77
84,58,585,26,2,30.42763,HOU,47.10526316,Obese,0.099145299,Poor,3.77
85,87,584,33,1,26.54184,OAK,56.2,OverWeight,0.148972603,Avg,4.73
86,103,584,26,1,34.16683,SFG,60.125,Obese,0.176369863,High,3.88
87,97,580,27,2,26.44387,MIL,54.35294118,OverWeight,0.167241379,Avg,3.95
88,91,579,35,2,33.22434,NYM,45,Obese,0.15716753,Avg,3.82
89,72,579,27,1,28.45674,BAL,63.64285714,OverWeight,0.124352332,Poor,4.6
90,93,578,30,2,27.60135,TBR,64.21428571,OverWeight,0.160899654,Avg,4.29
91,98,578,24,2,25.79944,MIA,52.125,OverWeight,0.169550173,Avg,3.17
92,66,578,31,2,29.8341,BOS,69.5,OverWeight,0.114186851,Poor,5.27
93,105,575,30,0,25.82449,CLE,69.69230769,OverWeight,0.182608696,High,4.6
94,76,574,27,2,30.12857,OAK,56.2,Obese,0.132404181,Avg,4.73
95,87,571,25,0,26.08534,SFG,60.125,OverWeight,0.152364273,Avg,3.88
96,95,566,24,2,24.40514,PIT,54.85714286,Normal,0.167844523,Avg,3.91
97,106,565,36,2,26.38394,PHI,55.375,OverWeight,0.187610619,High,3.77
98,116,563,28,2,27.60135,STL,81,OverWeight,0.206039076,High,4.83
99,72,562,27,1,27.79996,CLE,69.69230769,OverWeight,0.128113879,Poor,4.6
100,71,555,27,2,26.54184,CHC,49.625,OverWeight,0.127927928,Poor,3.72
101,111,555,39,0,23.7076,NYY,52,Normal,0.2,High,4.01
102,84,553,31,0,25.67568,LAD,59.0625,OverWeight,0.151898734,Avg,4.01
103,76,551,27,1,26.24533,PIT,54.85714286,OverWeight,0.137931034,Avg,3.91
104,88,550,26,0,27.60135,SFG,60.125,OverWeight,0.16,Avg,3.88
105,119,547,28,2,28.12,ATL,61.30769231,OverWeight,0.217550274,High,4.25
106,117,547,37,2,26.54184,SFG,60.125,OverWeight,0.213893967,High,3.88
107,105,541,30,2,30.68042,STL,81,Obese,0.194085028,High,4.83
108,83,540,25,0,27.27104,PHI,55.375,OverWeight,0.153703704,Avg,3.77
109,108,540,34,2,28.24324,COL,59.1875,OverWeight,0.2,High,4.36
110,77,538,32,1,29.02233,MIN,54.5,OverWeight,0.143122677,Avg,3.79
111,45,537,33,2,29.28586,ATL,61.30769231,OverWeight,0.083798883,Poor,4.25
112,98,536,30,1,27.89129,BOS,69.5,OverWeight,0.182835821,High,5.27
113,97,532,32,1,28.05503,BOS,69.5,OverWeight,0.182330827,High,5.27
114,98,532,34,2,28.45674,WSN,62.92857143,OverWeight,0.184210526,High,4.05
115,86,531,34,0,26.38394,PHI,55.375,OverWeight,0.161958569,Avg,3.77
116,95,529,36,0,29.36978,TEX,68.14285714,OverWeight,0.179584121,High,4.48
117,65,528,32,2,27.79996,TOR,52.5,OverWeight,0.123106061,Poor,4.4
118,104,526,23,2,29.99467,KCR,71.5,OverWeight,0.197718631,High,4
119,72,525,24,2,30.12857,SDP,55.06666667,Obese,0.137142857,Avg,3.81
120,84,522,27,2,26.31757,MIN,54.5,OverWeight,0.16091954,Avg,3.79
121,85,521,30,2,28.88514,STL,81,OverWeight,0.163147793,Avg,4.83
122,84,521,29,0,25.03378,TOR,52.5,OverWeight,0.161228407,Avg,4.4
123,69,521,26,1,27.99342,SEA,47.61111111,OverWeight,0.13243762,Avg,3.85
124,99,520,32,2,26.44387,SDP,55.06666667,OverWeight,0.190384615,High,3.81
125,86,520,37,2,28.24324,CHW,69.14285714,OverWeight,0.165384615,Avg,3.69
126,59,518,27,0,29.52703,TEX,68.14285714,OverWeight,0.113899614,Poor,4.48
127,87,516,30,1,33.22306,LAA,58.22222222,Obese,0.168604651,Avg,4.52
128,77,515,30,0,25.62044,SDP,55.06666667,OverWeight,0.149514563,Avg,3.81
129,87,514,22,2,26.31757,COL,59.1875,OverWeight,0.1692607,Avg,4.36
130,72,514,24,0,26.44387,KCR,71.5,OverWeight,0.140077821,Avg,4
131,104,513,29,2,30.12857,LAA,58.22222222,Obese,0.202729045,High,4.52
132,87,512,28,2,26.87022,COL,59.1875,OverWeight,0.169921875,Avg,4.36
133,94,511,29,0,24.40488,SFG,60.125,Normal,0.183953033,High,3.88
134,84,508,25,0,24.39189,TEX,68.14285714,Normal,0.165354331,Avg,4.48
135,98,508,30,0,27.27104,MIN,54.5,OverWeight,0.192913386,High,3.79
136,63,506,30,2,30.84592,PIT,54.85714286,Obese,0.124505929,Poor,3.91
137,58,505,29,0,28.47801,OAK,56.2,OverWeight,0.114851485,Poor,4.73
138,63,504,29,2,28.24324,CLE,69.69230769,OverWeight,0.125,Poor,4.6
139,56,504,23,2,27.73176,MIA,52.125,OverWeight,0.111111111,Poor,3.17
140,60,503,29,0,27.60135,CHC,49.625,OverWeight,0.119284294,Poor,3.72
141,62,501,30,0,25.76582,BOS,69.5,OverWeight,0.123752495,Poor,5.27
142,53,497,27,2,27.79996,TOR,52.5,OverWeight,0.106639839,Poor,4.4
143,69,497,20,0,28.12,WSN,62.92857143,OverWeight,0.138832998,Avg,4.05
144,59,496,41,0,28.88514,SEA,47.61111111,OverWeight,0.118951613,Poor,3.85
145,76,492,27,1,23.125,COL,59.1875,Normal,0.154471545,Avg,4.36
146,85,492,30,2,27.79996,NYM,45,OverWeight,0.172764228,High,3.82
147,66,491,26,0,26.87022,HOU,47.10526316,OverWeight,0.134419552,Avg,3.77
148,68,486,36,0,30.16892,NYY,52,Obese,0.139917695,Avg,4.01
149,85,484,27,0,26.44387,DET,82.07692308,OverWeight,0.175619835,High,4.91
150,78,482,25,2,25.72434,ARI,66.21428571,OverWeight,0.161825726,Avg,4.23
151,57,481,28,0,25.67568,TBR,64.21428571,OverWeight,0.118503119,Poor,4.29
152,67,481,28,2,24.95066,CLE,69.69230769,Normal,0.139293139,Avg,4.6
153,96,480,36,2,27.25918,LAD,59.0625,OverWeight,0.2,High,4.01
154,103,478,26,0,27.19401,LAA,58.22222222,OverWeight,0.215481172,High,4.52
155,107,476,31,2,27.19401,DET,82.07692308,OverWeight,0.224789916,High,4.91
156,56,476,31,0,26.24533,TEX,68.14285714,OverWeight,0.117647059,Poor,4.48
157,70,475,29,0,29.28586,ARI,66.21428571,OverWeight,0.147368421,Avg,4.23
158,77,473,24,2,33.46955,CHW,69.14285714,Obese,0.162790698,Avg,3.69
159,57,472,31,2,27.70313,MIA,52.125,OverWeight,0.120762712,Poor,3.17
160,47,471,34,2,29.52703,MIN,54.5,OverWeight,0.099787686,Poor,3.79
161,62,470,28,1,29.36978,BOS,69.5,OverWeight,0.131914894,Avg,5.27
162,84,469,31,0,28.88514,LAD,59.0625,OverWeight,0.179104478,High,4.01
163,58,468,26,0,27.38487,SEA,47.61111111,OverWeight,0.123931624,Poor,3.85
164,87,466,24,2,30.68042,COL,59.1875,Obese,0.186695279,High,4.36
165,74,461,28,1,28.58857,TOR,52.5,OverWeight,0.160520607,Avg,4.4
166,66,458,26,0,25.03378,TOR,52.5,OverWeight,0.144104803,Avg,4.4
167,72,458,34,2,30.34153,NYY,52,Obese,0.15720524,Avg,4.01
168,65,456,32,2,29.52703,TEX,68.14285714,OverWeight,0.14254386,Avg,4.48
169,70,452,25,0,25.72434,CHW,69.14285714,OverWeight,0.154867257,Avg,3.69
170,89,451,33,2,25.08777,CHW,69.14285714,OverWeight,0.197339246,High,3.69
171,65,448,32,2,27.49511,LAD,59.0625,OverWeight,0.145089286,Avg,4.01
172,68,448,25,2,25.76582,STL,81,OverWeight,0.151785714,Avg,4.83
173,83,448,31,2,27.60135,DET,82.07692308,OverWeight,0.185267857,High,4.91
174,63,446,26,1,23.10811,MIN,54.5,Normal,0.141255605,Avg,3.79
175,49,446,28,2,23.12089,ATL,61.30769231,Normal,0.109865471,Poor,4.25
176,72,445,27,2,26.95946,HOU,47.10526316,OverWeight,0.161797753,Avg,3.77
177,65,443,33,2,28.74489,LAA,58.22222222,OverWeight,0.146726862,Avg,4.52
178,72,442,27,2,26.31757,KCR,71.5,OverWeight,0.162895928,Avg,4
179,61,442,39,0,28.24324,COL,59.1875,OverWeight,0.13800905,Avg,4.36
180,70,442,23,2,28.47801,TOR,52.5,OverWeight,0.158371041,Avg,4.4
181,54,441,26,0,23.10811,OAK,56.2,Normal,0.12244898,Poor,4.73
182,60,440,23,0,29.04959,ATL,61.30769231,OverWeight,0.136363636,Avg,4.25
183,51,440,32,0,27.86389,PIT,54.85714286,OverWeight,0.115909091,Poor,3.91
184,58,439,33,0,26.49673,CHC,49.625,OverWeight,0.132118451,Avg,3.72
185,63,436,27,0,29.02233,COL,59.1875,OverWeight,0.144495413,Avg,4.36
186,84,435,26,1,27.25918,SDP,55.06666667,OverWeight,0.193103448,High,3.81
187,87,434,24,2,24.95066,COL,59.1875,Normal,0.200460829,High,4.36
188,80,432,22,2,29.36978,LAD,59.0625,OverWeight,0.185185185,High,4.01
189,61,431,32,2,30.61956,NYM,45,Obese,0.141531323,Avg,3.82
190,73,428,26,2,30.12857,CHC,49.625,Obese,0.170560748,High,3.72
191,73,427,25,0,25.72434,SEA,47.61111111,OverWeight,0.170960187,High,3.85
192,72,426,33,2,31.86825,LAD,59.0625,Obese,0.169014085,Avg,4.01
193,65,421,24,2,28.36273,NYM,45,OverWeight,0.154394299,Avg,3.82
194,83,419,30,1,26.44387,TOR,52.5,OverWeight,0.198090692,High,4.4
195,84,416,37,2,28.05503,MIA,52.125,OverWeight,0.201923077,High,3.17
196,50,412,22,1,25.72434,SEA,47.61111111,OverWeight,0.121359223,Poor,3.85
197,58,410,30,0,26.24533,OAK,56.2,OverWeight,0.141463415,Avg,4.73
198,69,410,27,0,27.25918,OAK,56.2,OverWeight,0.168292683,Avg,4.73
199,54,409,31,2,29.41122,MIL,54.35294118,OverWeight,0.13202934,Avg,3.95
200,71,408,26,2,25.08777,CHW,69.14285714,OverWeight,0.174019608,High,3.69
201,55,408,29,2,26.38394,SDP,55.06666667,OverWeight,0.134803922,Avg,3.81
202,56,407,31,0,26.38394,TBR,64.21428571,OverWeight,0.137592138,Avg,4.29
203,64,404,23,0,26.31757,ARI,66.21428571,OverWeight,0.158415842,Avg,4.23
204,58,402,29,0,28.74489,ATL,61.30769231,OverWeight,0.144278607,Avg,4.25
205,47,399,30,2,31.1902,LAA,58.22222222,Obese,0.117794486,Poor,4.52
206,69,399,32,1,23.5651,TOR,52.5,Normal,0.172932331,High,4.4
207,42,399,30,2,31.56327,MIL,54.35294118,Obese,0.105263158,Poor,3.95
208,64,396,24,0,24.20799,SDP,55.06666667,Normal,0.161616162,Avg,3.81
209,73,395,25,2,30.2699,MIA,52.125,Obese,0.184810127,High,3.17
210,67,394,32,2,29.41122,CLE,69.69230769,OverWeight,0.170050761,High,4.6
211,62,394,23,2,26.38394,WSN,62.92857143,OverWeight,0.157360406,Avg,4.05
212,44,391,27,0,28.69388,CHC,49.625,OverWeight,0.112531969,Poor,3.72
213,48,385,26,0,31.4527,MIL,54.35294118,Obese,0.124675325,Poor,3.95
214,40,384,27,0,31.03618,NYM,45,Obese,0.104166667,Poor,3.82
215,71,384,31,2,26.87022,MIA,52.125,OverWeight,0.184895833,High,3.17
216,45,384,29,2,26.57627,PHI,55.375,OverWeight,0.1171875,Poor,3.77
217,44,382,26,2,31.64474,ATL,61.30769231,Obese,0.115183246,Poor,4.25
218,85,382,23,2,25.79944,BOS,69.5,OverWeight,0.222513089,High,5.27
219,49,379,26,0,29.28586,DET,82.07692308,OverWeight,0.129287599,Poor,4.91
220,55,378,22,0,29.8341,MIN,54.5,OverWeight,0.145502646,Avg,3.79
221,42,377,26,0,26.77632,NYM,45,OverWeight,0.111405836,Poor,3.82
222,77,375,26,0,30.34153,SDP,55.06666667,Obese,0.205333333,High,3.81
223,34,375,29,2,25.67568,OAK,56.2,OverWeight,0.090666667,Poor,4.73
224,44,374,24,2,27.49511,BOS,69.5,OverWeight,0.117647059,Poor,5.27
225,62,373,22,2,25.62044,TBR,64.21428571,OverWeight,0.166219839,Avg,4.29
226,76,372,28,1,30.12857,TOR,52.5,Obese,0.204301075,High,4.4
227,47,366,32,2,30.34153,BOS,69.5,Obese,0.128415301,Poor,5.27
228,63,365,26,2,25.62044,PIT,54.85714286,OverWeight,0.17260274,High,3.91
229,62,362,31,2,28.58857,ARI,66.21428571,OverWeight,0.171270718,High,4.23
230,60,361,27,2,29.99467,PHI,55.375,OverWeight,0.166204986,Avg,3.77
231,62,360,32,2,28.79332,TOR,52.5,OverWeight,0.172222222,High,4.4
232,57,359,31,0,27.31674,NYM,45,OverWeight,0.158774373,Avg,3.82
233,47,358,26,0,27.25918,STL,81,OverWeight,0.131284916,Avg,4.83
234,66,356,33,0,27.97653,LAD,59.0625,OverWeight,0.185393258,High,4.01
235,55,352,25,2,29.02233,CIN,61.35714286,OverWeight,0.15625,Avg,4.31
236,56,351,35,2,27.04354,MIL,54.35294118,OverWeight,0.15954416,Avg,3.95
237,62,351,32,2,27.97653,ARI,66.21428571,OverWeight,0.176638177,High,4.23
238,47,349,31,2,25.03378,SEA,47.61111111,OverWeight,0.134670487,Avg,3.85
239,62,341,34,2,29.41122,PHI,55.375,OverWeight,0.181818182,High,3.77
240,59,341,24,2,29.28586,PIT,54.85714286,OverWeight,0.173020528,High,3.91
241,52,340,31,2,25.55921,NYY,52,OverWeight,0.152941176,Avg,4.01
242,41,337,31,2,29.04959,SEA,47.61111111,OverWeight,0.121661721,Poor,3.85
243,41,337,26,0,25.72434,MIL,54.35294118,OverWeight,0.121661721,Poor,3.95
244,55,336,26,2,25.08777,NYY,52,OverWeight,0.163690476,Avg,4.01
245,58,336,29,2,28.88514,LAD,59.0625,OverWeight,0.172619048,High,4.01
246,84,336,25,0,24.36358,PHI,55.375,Normal,0.25,High,3.77
247,64,335,27,0,25.10216,KCR,71.5,OverWeight,0.191044776,High,4
248,56,335,23,0,25.67568,SEA,47.61111111,OverWeight,0.167164179,Avg,3.85
249,58,335,35,1,28.79332,LAD,59.0625,OverWeight,0.173134328,High,4.01
250,48,333,25,0,30.61956,MIA,52.125,Obese,0.144144144,Avg,3.17
251,46,333,25,0,29.02233,MIN,54.5,OverWeight,0.138138138,Avg,3.79
252,44,330,34,2,26.38394,PIT,54.85714286,OverWeight,0.133333333,Avg,3.91
253,62,330,35,0,25.82449,MIA,52.125,OverWeight,0.187878788,High,3.17
254,36,328,35,0,28.88514,HOU,47.10526316,OverWeight,0.109756098,Poor,3.77
255,50,324,20,1,22.37558,TEX,68.14285714,Normal,0.154320988,Avg,4.48
256,55,322,25,2,27.60135,CLE,69.69230769,OverWeight,0.170807453,High,4.6
257,43,322,29,0,27.89129,MIN,54.5,OverWeight,0.133540373,Avg,3.79
258,42,320,30,2,31.00113,SDP,55.06666667,Obese,0.13125,Avg,3.81
259,42,320,29,2,31.00113,PIT,54.85714286,Obese,0.13125,Avg,3.91
260,53,319,24,0,32.49422,STL,81,Obese,0.166144201,Avg,4.83
261,39,318,29,2,26.38394,SDP,55.06666667,OverWeight,0.122641509,Poor,3.81
262,43,317,33,0,30.42763,PHI,55.375,Obese,0.135646688,Avg,3.77
263,47,316,29,2,32.07499,WSN,62.92857143,Obese,0.148734177,Avg,4.05
264,53,314,24,2,25.06474,COL,59.1875,OverWeight,0.168789809,Avg,4.36
265,32,313,23,1,24.39189,MIN,54.5,Normal,0.102236422,Poor,3.79
266,50,313,38,2,33.90239,TBR,64.21428571,Obese,0.159744409,Avg,4.29
267,45,311,28,1,29.15606,TBR,64.21428571,OverWeight,0.144694534,Avg,4.29
268,50,310,25,2,27.49511,HOU,47.10526316,OverWeight,0.161290323,Avg,3.77
269,46,308,26,2,30.62048,SDP,55.06666667,Obese,0.149350649,Avg,3.81
270,37,308,24,0,24.39189,CLE,69.69230769,Normal,0.12012987,Poor,4.6
271,40,308,24,2,28.47801,OAK,56.2,OverWeight,0.12987013,Poor,4.73
272,57,307,24,1,27.12191,WSN,62.92857143,OverWeight,0.185667752,High,4.05
273,55,305,31,1,25.67568,SFG,60.125,OverWeight,0.180327869,High,3.88
274,50,303,30,2,27.19401,NYY,52,OverWeight,0.165016502,Avg,4.01
275,53,303,25,2,31.86825,WSN,62.92857143,Obese,0.174917492,High,4.05
276,48,300,35,1,27.97653,SFG,60.125,OverWeight,0.16,Avg,3.88
277,32,299,36,0,29.99467,NYY,52,OverWeight,0.107023411,Poor,4.01
278,50,299,29,1,27.97653,ARI,66.21428571,OverWeight,0.16722408,Avg,4.23
279,45,296,35,1,25.84016,BAL,63.64285714,OverWeight,0.152027027,Avg,4.6
280,45,294,37,1,29.02233,TEX,68.14285714,OverWeight,0.153061224,Avg,4.48
281,37,293,26,2,29.99467,PHI,55.375,OverWeight,0.126279863,Poor,3.77
282,49,291,22,2,30.34153,MIA,52.125,Obese,0.16838488,Avg,3.17
283,37,291,35,0,29.8341,TBR,64.21428571,OverWeight,0.127147766,Poor,4.29
284,50,290,28,2,26.16776,LAD,59.0625,OverWeight,0.172413793,High,4.01
285,41,290,31,0,29.8341,ARI,66.21428571,OverWeight,0.14137931,Avg,4.23
286,43,289,32,0,24.40488,TOR,52.5,Normal,0.148788927,Avg,4.4
287,50,288,30,2,26.44387,HOU,47.10526316,OverWeight,0.173611111,High,3.77
288,51,288,23,1,26.44387,HOU,47.10526316,OverWeight,0.177083333,High,3.77
289,51,287,29,2,24.39189,TEX,68.14285714,Normal,0.177700348,High,4.48
290,37,285,25,0,31.86825,PIT,54.85714286,Obese,0.129824561,Poor,3.91
291,30,285,26,0,31.4527,HOU,47.10526316,Obese,0.105263158,Poor,3.77
292,59,279,35,0,23.7076,SEA,47.61111111,Normal,0.211469534,High,3.85
293,43,278,31,2,25.76582,PHI,55.375,OverWeight,0.154676259,Avg,3.77
294,46,277,24,0,28.12608,ARI,66.21428571,OverWeight,0.166064982,Avg,4.23
295,32,277,32,2,25.08777,CLE,69.69230769,OverWeight,0.115523466,Poor,4.6
296,29,275,27,2,29.81908,CHW,69.14285714,OverWeight,0.105454545,Poor,3.69
297,41,275,29,1,25.06474,KCR,71.5,OverWeight,0.149090909,Avg,4
298,52,273,21,0,24.99556,MIA,52.125,Normal,0.19047619,High,3.17
299,34,271,26,0,26.24533,BAL,63.64285714,OverWeight,0.125461255,Poor,4.6
300,41,267,34,0,27.04354,MIA,52.125,OverWeight,0.153558052,Avg,3.17
301,52,266,29,1,30.2699,CHC,49.625,Obese,0.195488722,High,3.72
302,43,265,26,0,27.04354,ATL,61.30769231,OverWeight,0.162264151,Avg,4.25
303,33,262,29,2,26.67819,HOU,47.10526316,OverWeight,0.125954198,Poor,3.77
304,43,262,27,2,27.04354,COL,59.1875,OverWeight,0.164122137,Avg,4.36
305,34,260,32,2,28.47801,CIN,61.35714286,OverWeight,0.130769231,Avg,4.31
306,51,258,26,0,26.24533,COL,59.1875,OverWeight,0.197674419,High,4.36
307,35,256,29,2,26.77632,KCR,71.5,OverWeight,0.13671875,Avg,4
308,52,256,22,2,29.21053,CHW,69.14285714,OverWeight,0.203125,High,3.69
309,29,256,30,2,27.79996,MIA,52.125,OverWeight,0.11328125,Poor,3.17
310,37,255,25,1,28.24324,LAA,58.22222222,OverWeight,0.145098039,Avg,4.52
311,39,254,35,0,28.36273,ARI,66.21428571,OverWeight,0.153543307,Avg,4.23
312,45,254,23,2,26.87022,CHC,49.625,OverWeight,0.177165354,High,3.72
313,42,253,29,2,25.67568,MIL,54.35294118,OverWeight,0.166007905,Avg,3.95
314,46,252,26,2,25.79944,MIL,54.35294118,OverWeight,0.182539683,High,3.95
315,35,251,33,0,23.125,DET,82.07692308,Normal,0.139442231,Avg,4.91
316,25,250,29,0,25.67568,WSN,62.92857143,OverWeight,0.1,Poor,4.05
317,39,249,39,2,25.10714,MIN,54.5,OverWeight,0.156626506,Avg,3.79
318,41,249,29,0,26.31757,OAK,56.2,OverWeight,0.164658635,Avg,4.73
319,27,245,32,0,26.38394,NYY,52,OverWeight,0.110204082,Poor,4.01
320,32,244,28,2,27.70313,CIN,61.35714286,OverWeight,0.131147541,Avg,4.31
321,37,243,23,0,25.72434,MIA,52.125,OverWeight,0.152263374,Avg,3.17
322,35,243,27,0,26.95946,BOS,69.5,OverWeight,0.144032922,Avg,5.27
323,34,243,26,2,25.72434,SDP,55.06666667,OverWeight,0.139917695,Avg,3.81
324,53,243,31,1,33.96135,DET,82.07692308,Obese,0.218106996,High,4.91
325,39,241,22,1,27.04354,HOU,47.10526316,OverWeight,0.161825726,Avg,3.77
326,40,239,28,0,22.9551,KCR,71.5,Normal,0.167364017,Avg,4
327,32,239,28,0,30.2699,CIN,61.35714286,Obese,0.133891213,Avg,4.31
328,38,237,29,0,25.08777,KCR,71.5,OverWeight,0.160337553,Avg,4
329,49,236,28,2,21.76675,SFG,60.125,Normal,0.207627119,High,3.88
330,25,236,34,2,26.95946,SEA,47.61111111,OverWeight,0.105932203,Poor,3.85
331,28,236,38,2,28.36273,TOR,52.5,OverWeight,0.118644068,Poor,4.4
332,36,234,33,1,24.40488,DET,82.07692308,Normal,0.153846154,Avg,4.91
333,25,233,23,0,27.79996,MIA,52.125,OverWeight,0.107296137,Poor,3.17
334,50,230,23,0,24.3898,MIL,54.35294118,Normal,0.217391304,High,3.95
335,37,227,27,2,28.58857,LAA,58.22222222,OverWeight,0.162995595,Avg,4.52
336,30,227,23,2,27.89129,NYM,45,OverWeight,0.13215859,Avg,3.82
337,34,226,37,2,27.97653,LAD,59.0625,OverWeight,0.150442478,Avg,4.01
338,38,222,25,0,28.69388,LAA,58.22222222,OverWeight,0.171171171,High,4.52
339,33,222,23,1,26.54184,PHI,55.375,OverWeight,0.148648649,Avg,3.77
340,33,222,24,1,27.04354,HOU,47.10526316,OverWeight,0.148648649,Avg,3.77
341,32,222,28,2,27.12191,TBR,64.21428571,OverWeight,0.144144144,Avg,4.29
342,35,221,28,2,27.60135,NYM,45,OverWeight,0.158371041,Avg,3.82
343,26,218,33,2,29.21053,PHI,55.375,OverWeight,0.119266055,Poor,3.77
344,17,216,42,0,29.99467,CLE,69.69230769,OverWeight,0.078703704,Poor,4.6
345,39,216,25,1,26.49673,CIN,61.35714286,OverWeight,0.180555556,High,4.31
346,47,215,28,1,26.57845,COL,59.1875,OverWeight,0.218604651,High,4.36
347,36,214,28,0,26.44387,MIA,52.125,OverWeight,0.168224299,Avg,3.17
348,40,214,28,2,28.47801,NYM,45,OverWeight,0.186915888,High,3.82
349,28,213,24,0,27.04354,COL,59.1875,OverWeight,0.131455399,Avg,4.36
350,31,213,25,2,32.28061,CHW,69.14285714,Obese,0.145539906,Avg,3.69
351,30,212,28,0,27.38487,CHC,49.625,OverWeight,0.141509434,Avg,3.72
352,31,210,29,1,31.4527,HOU,47.10526316,Obese,0.147619048,Avg,3.77
353,39,208,26,2,27.46094,OAK,56.2,OverWeight,0.1875,High,4.73
354,46,206,35,2,26.49673,ARI,66.21428571,OverWeight,0.223300971,High,4.23
355,19,202,26,2,31.1902,MIL,54.35294118,Obese,0.094059406,Poor,3.95
356,30,200,31,0,25.10714,TBR,64.21428571,OverWeight,0.15,Avg,4.29
357,39,196,26,2,24.40514,LAA,58.22222222,Normal,0.198979592,High,4.52
358,35,196,34,2,27.89129,COL,59.1875,OverWeight,0.178571429,High,4.36
359,41,195,27,0,27.25918,MIN,54.5,OverWeight,0.21025641,High,3.79
360,12,193,37,2,25.67568,CHC,49.625,OverWeight,0.062176166,Poor,3.72
361,27,193,22,2,28.24324,SEA,47.61111111,OverWeight,0.139896373,Avg,3.85
362,26,191,27,2,28.88514,DET,82.07692308,OverWeight,0.136125654,Avg,4.91
363,21,187,29,2,27.70313,LAD,59.0625,OverWeight,0.112299465,Poor,4.01
364,38,184,23,2,27.12191,HOU,47.10526316,OverWeight,0.206521739,High,3.77
365,22,184,30,2,31.00113,TEX,68.14285714,Obese,0.119565217,Poor,4.48
366,21,181,29,2,26.77632,MIN,54.5,OverWeight,0.116022099,Poor,3.79
367,27,181,29,1,27.25918,HOU,47.10526316,OverWeight,0.149171271,Avg,3.77
368,24,181,37,2,28.12,NYY,52,OverWeight,0.132596685,Avg,4.01
369,24,179,23,0,26.38394,PHI,55.375,OverWeight,0.134078212,Avg,3.77
370,25,179,26,0,26.16776,CHW,69.14285714,OverWeight,0.139664804,Avg,3.69
371,29,179,24,1,25.10714,MIN,54.5,OverWeight,0.162011173,Avg,3.79
372,21,178,25,0,27.12191,MIN,54.5,OverWeight,0.117977528,Poor,3.79
373,24,178,26,2,28.24324,WSN,62.92857143,OverWeight,0.134831461,Avg,4.05
374,24,175,32,2,28.24324,TEX,68.14285714,OverWeight,0.137142857,Avg,4.48
375,15,174,33,2,27.12191,CHC,49.625,OverWeight,0.086206897,Poor,3.72
376,25,173,25,2,30.84592,LAD,59.0625,Obese,0.144508671,Avg,4.01
377,29,173,32,2,25.79944,TBR,64.21428571,OverWeight,0.167630058,Avg,4.29
378,27,171,37,0,29.8341,SDP,55.06666667,OverWeight,0.157894737,Avg,3.81
379,31,171,28,2,24.36358,STL,81,Normal,0.18128655,High,4.83
380,26,170,28,2,28.24324,BAL,63.64285714,OverWeight,0.152941176,Avg,4.6
381,13,167,26,1,27.79996,WSN,62.92857143,OverWeight,0.077844311,Poor,4.05
382,37,167,39,2,32.48477,KCR,71.5,Obese,0.221556886,High,4
383,18,166,30,2,25.72434,OAK,56.2,OverWeight,0.108433735,Poor,4.73
384,22,165,28,2,27.12191,NYM,45,OverWeight,0.133333333,Avg,3.82
385,19,163,30,2,27.25918,CHC,49.625,OverWeight,0.116564417,Poor,3.72
386,21,162,27,2,27.31674,LAA,58.22222222,OverWeight,0.12962963,Poor,4.52
387,23,162,33,0,26.95946,CIN,61.35714286,OverWeight,0.141975309,Avg,4.31
388,18,155,28,0,27.79996,NYM,45,OverWeight,0.116129032,Poor,3.82
389,25,155,29,0,26.87022,CHC,49.625,OverWeight,0.161290323,Avg,3.72
390,18,155,24,0,31.00819,MIL,54.35294118,Obese,0.116129032,Poor,3.95
391,17,153,25,2,26.49673,MIL,54.35294118,OverWeight,0.111111111,Poor,3.95
392,25,153,22,0,25.06474,TOR,52.5,OverWeight,0.163398693,Avg,4.4
393,25,153,25,2,22.496,LAA,58.22222222,Normal,0.163398693,Avg,4.52
394,19,152,26,2,27.04354,NYY,52,OverWeight,0.125,Poor,4.01
395,16,152,26,2,26.08534,LAD,59.0625,OverWeight,0.105263158,Poor,4.01
396,19,151,30,2,25.03378,SEA,47.61111111,OverWeight,0.125827815,Poor,3.85
397,16,151,29,2,30.81081,NYM,45,Obese,0.105960265,Poor,3.82
398,11,150,41,2,30.68042,SEA,47.61111111,Obese,0.073333333,Poor,3.85
399,38,150,35,2,26.49673,ARI,66.21428571,OverWeight,0.253333333,High,4.23
400,18,148,24,2,29.15606,NYY,52,OverWeight,0.121621622,Poor,4.01
401,23,148,28,0,29.15606,OAK,56.2,OverWeight,0.155405405,Avg,4.73
402,20,147,28,1,28.69388,SFG,60.125,OverWeight,0.136054422,Avg,3.88
403,15,146,25,0,31.4527,HOU,47.10526316,Obese,0.102739726,Poor,3.77
404,17,144,25,0,25.76582,NYM,45,OverWeight,0.118055556,Poor,3.82
405,19,142,33,1,26.57845,CIN,61.35714286,OverWeight,0.133802817,Avg,4.31
406,25,141,33,2,30.34153,ATL,61.30769231,Obese,0.177304965,High,4.25
407,24,140,34,2,27.60135,CIN,61.35714286,OverWeight,0.171428571,High,4.31
408,22,140,33,2,31.74648,SEA,47.61111111,Obese,0.157142857,Avg,3.85
409,17,140,29,2,24.95066,BAL,63.64285714,Normal,0.121428571,Poor,4.6
410,25,140,23,1,31.86825,SFG,60.125,Obese,0.178571429,High,3.88
411,20,138,30,2,29.28586,BAL,63.64285714,OverWeight,0.144927536,Avg,4.6
412,20,137,27,2,24.40972,SDP,55.06666667,Normal,0.145985401,Avg,3.81
413,9,136,33,0,27.70313,NYM,45,OverWeight,0.066176471,Poor,3.82
414,23,136,26,2,27.31674,HOU,47.10526316,OverWeight,0.169117647,Avg,3.77
415,21,136,36,2,27.25918,ATL,61.30769231,OverWeight,0.154411765,Avg,4.25
416,17,136,32,0,29.02233,PHI,55.375,OverWeight,0.125,Poor,3.77
417,18,136,33,0,27.04354,WSN,62.92857143,OverWeight,0.132352941,Avg,4.05
418,19,135,24,1,24.99556,HOU,47.10526316,Normal,0.140740741,Avg,3.77
419,16,135,26,0,27.04354,TOR,52.5,OverWeight,0.118518519,Poor,4.4
420,30,131,23,1,23.67245,PHI,55.375,Normal,0.229007634,High,3.77
421,17,129,26,2,29.98314,STL,81,OverWeight,0.131782946,Avg,4.83
422,11,127,33,2,29.8341,SEA,47.61111111,OverWeight,0.086614173,Poor,3.85
423,9,126,30,0,27.12191,KCR,71.5,OverWeight,0.071428571,Poor,4
424,18,125,28,1,25.10187,BAL,63.64285714,OverWeight,0.144,Avg,4.6
425,25,123,27,1,26.38394,LAA,58.22222222,OverWeight,0.203252033,High,4.52
426,16,122,28,2,29.41122,PIT,54.85714286,OverWeight,0.131147541,Avg,3.91
427,16,122,24,2,29.02233,TOR,52.5,OverWeight,0.131147541,Avg,4.4
428,23,121,25,0,26.54184,TOR,52.5,OverWeight,0.190082645,High,4.4
429,23,120,27,0,27.79996,OAK,56.2,OverWeight,0.191666667,High,4.73
430,16,118,27,0,26.44387,CHC,49.625,OverWeight,0.13559322,Avg,3.72
431,16,118,36,2,27.70313,MIL,54.35294118,OverWeight,0.13559322,Avg,3.95
432,16,118,22,2,27.38487,MIA,52.125,OverWeight,0.13559322,Avg,3.17
433,14,118,34,2,29.02233,NYY,52,OverWeight,0.118644068,Poor,4.01
434,14,117,32,2,26.38394,LAA,58.22222222,OverWeight,0.11965812,Poor,4.52
435,13,116,36,2,29.52703,BOS,69.5,OverWeight,0.112068966,Poor,5.27
436,20,113,24,1,27.79996,NYY,52,OverWeight,0.17699115,High,4.01
437,16,112,24,2,26.95946,NYM,45,OverWeight,0.142857143,Avg,3.82
438,18,111,22,1,25.84559,TEX,68.14285714,OverWeight,0.162162162,Avg,4.48
439,16,111,26,2,31.64474,MIL,54.35294118,Obese,0.144144144,Avg,3.95
440,21,111,24,0,23.08594,SFG,60.125,Normal,0.189189189,High,3.88
441,15,110,36,2,26.49673,PIT,54.85714286,OverWeight,0.136363636,Avg,3.91
442,21,110,25,2,27.04354,LAA,58.22222222,OverWeight,0.190909091,High,4.52
443,16,110,23,2,29.36978,SEA,47.61111111,OverWeight,0.145454545,Avg,3.85
444,14,110,24,2,27.79996,TOR,52.5,OverWeight,0.127272727,Poor,4.4
445,16,109,31,0,27.99342,BAL,63.64285714,OverWeight,0.146788991,Avg,4.6
446,10,108,24,1,28.88514,SDP,55.06666667,OverWeight,0.092592593,Poor,3.81
447,11,108,25,0,28.12,NYM,45,OverWeight,0.101851852,Poor,3.82
448,10,107,23,0,27.97653,BOS,69.5,OverWeight,0.093457944,Poor,5.27
449,18,107,27,1,27.89129,ATL,61.30769231,OverWeight,0.168224299,Avg,4.25
450,19,106,25,0,23.7076,LAD,59.0625,Normal,0.179245283,High,4.01
451,22,104,24,2,27.12191,COL,59.1875,OverWeight,0.211538462,High,4.36
452,10,102,28,2,28.24324,CHW,69.14285714,OverWeight,0.098039216,Poor,3.69
453,14,101,21,2,25.62044,NYM,45,OverWeight,0.138613861,Avg,3.82
454,12,98,27,0,26.87022,COL,59.1875,OverWeight,0.12244898,Poor,4.36
455,17,97,26,2,25.79944,SFG,60.125,OverWeight,0.175257732,High,3.88
456,16,95,25,2,30.40657,PIT,54.85714286,Obese,0.168421053,Avg,3.91
457,16,95,26,0,27.49511,SFG,60.125,OverWeight,0.168421053,Avg,3.88
458,8,95,31,2,30.34153,SFG,60.125,Obese,0.084210526,Poor,3.88
